n,ca_volume,doc_id,rating,doc_date,date_text,author,recipient,orig_page,savage_page,scan,ia_url,summary
1,1,12,0,1774-03-24,1774-03-24,Ortega,Rivera,i.150,,n149,https://archive.org/details/168036075_79_3_2/page/n149,Acknowledges receipt of despacho de Teniente (promotion to lieutenant). Will march with family. pp.355–6
2,1,19,0,1775-01-02,1775-01-02,Bucareli,Rivera,i.~408,,n170,https://archive.org/details/168036075_79_3_2/page/n170,ORDERS RECONNAISSANCE AND OCCUPATION OF PORT OF SAN FRANCISCO. Approves keeping 10 Catalan soldiers. Authorizes construction of warehouses
3,1,23,0,,~1775,Bucareli,Rivera,i.~428,,n190,https://archive.org/details/168036075_79_3_2/page/n190,Instructions: Fr. Vicente de Mora (Presid.te). Discord in the Province. Articles 8–13 on Baja California establishments
4,2,2,0,,1781,,,iii.321–323,322–324,n325–n327,https://archive.org/details/168036075_79_4_2/page/n325,"Survivor deposition — Pedro Solares (Soldier), from Purísima Concepción"
5,2,5,0,,1781,,,iii.327–328,328–329,n331–n332,https://archive.org/details/168036075_79_4_2/page/n331,"Survivor deposition — Juan José Mirandes (Carpenter, settler), from San Pedro y San Pablo, age 33"
6,2,6,0,,1781,,,iii.329–330,330–331,n333–n334,https://archive.org/details/168036075_79_4_2/page/n333,"Survivor deposition — José Ygnacio de Bengochea (Jalchedun Indian, raised at Presidio del Altar), from San Pedro y San Pablo, age 20"
7,3,307,0,1786-11-04,1786-11-04,Arrillaga (Loreto),Fages,vi.48,284,n286,https://archive.org/details/168036075_79_5_2/page/n286,Acks Fages's order (4 Sept) that soldiers use a single pistol
8,3,362,0,1786-12-05,1786-12-05,Goycoechea (Santa Bárbara),Fages,vi.132,321,n323,https://archive.org/details/168036075_79_5_2/page/n323,Excuses the Dec musters (provisioning the company); families lodged in the new housing; the Cuadro closed with a stockade (*estacada*)
9,3,58,0,1784-02-28,1784-02-28,Arrillaga (Loreto),Fages,v.144,76,n75,https://archive.org/details/168036075_79_5_2/page/n75,"Desertion of 2 sailors (arráez Salvador González + Manuel Orozco), who embarked for the Sinaloa coast"
10,4,107,0,1787-07-04,1787-07-04,Goycoechea,Fages,205,73,n72,https://archive.org/details/168036075_79_6_2/page/n72,On Alférez Argüello's departure from the SB company (going as *sereno* to the San Francisco presidio company). Orig. p.205.
11,4,112,1,1787-08-20,1787-08-20,Goycoechea,Fages,212–214,74–75,n73–n74,https://archive.org/details/168036075_79_6_2/page/n73,"List of the 4 most unfit soldiers (per order): Soler (chronic, bloody flux); Lobo (ulcers, swollen legs); Pico (near-incurable wound); Lima ('tonto é inútil, aunque sano'). Orig. pp.212–214."
12,4,195,0,1788-07-29,1788-07-29,José Joaquín de Arrillaga,Fages,410,321,n321,https://archive.org/details/168036075_79_6_2/page/n321,"⏹ LAST LEAF OF THE VOLUME (n321, orig p.410). 'Aviso de una deuda. Libranzas' — Fr. José Lafuente (missioner of Mis. San José del Cabo) notifies that Sgt. Pedro Amador owes 18 p 5 r for various supplies; encloses the adjunct *libranzas* of soldier Salvador Higuera, asking Fages influence their colle"
13,5,2,0,1789-04-14,1789-04-14 [yr 9/2 MS-ambiguous],Fages,his deputy ('su segundo'),1–4,1–3,n1–n2,https://archive.org/details/168036075_79_7/page/n1,"Instructions to observe during Fages's absence (travelling to Sta Bárbara): continue the livestock *rodeos*; ration the troop with meat from the Pueblos, noting values/qualities for the *matanza* (2–3,000 head); twice-weekly target practice (tiro al blanco) at the presidio chapel; keep clothing/arms"
14,5,44,1,,1789 (Oct–Dec),Goycoechea (+ Ortega),Fages,145–164,96–103,n96–n104,https://archive.org/details/168036075_79_7/page/n96,"Routine SB-presidio admin cont. — soldier discharge *ajustes* + munition/cavalry prenda-valuations (Ignacio Higuera $88, p.146; Efigenio Ruiz $73, alcance 299 p, pp.147/164); soldier Juan Ignacio Valencia's Escudo de Ventaja (R.O. 8 Oct 1774; pp.148/152); Ortega's Monterey *revista*/Estado de fuerza"
15,5,7,0,1789-05-12,1789-05-12,[Fages],D. Nicolás Salas,14–16,7,n7,https://archive.org/details/168036075_79_7/page/n7,Accounts/debt matter: the accounts drawn up by Nicolás Salas do not clear [the party] of the accusation of having been found a debtor ('salido descubierto'); certified at date w/ Fages's rúbrica
16,6,191,0,,1792–93,Ortega; Jacobo Ugarte y Loyola,,240–…,XI:84–92,n268–n276,https://archive.org/details/168036075_79_8/page/n268,"⚠ BOUNDED routine stretch: the Olvera/Lapuente dispute conclusion (embargo & sale of Olvera's goods, Sgt. Luis López to execute, n268–270); then Ugarte y Loyola's Guadalajara correspondence (Jun 1793) — ⭐ *suministraciones* to prófugos who escaped from California (Mariano Capinto[?], Diómedes Ruiz, "
17,6,207,0,1794-05-06,1794-05-06,Revilla Gigedo,Gov.,384–385,XI:163–164,n347–n348,https://archive.org/details/168036075_79_8/page/n347,"The Loreto situado regulation/budget for 1793 (Contador Mayor de Cuentas; dup of Doc 203) — Arrillaga Capitán $1,800, Ortega Teniente $550, Bernal Alférez $400, 39 soldiers $10,322, gratificación $470 = $14,342 presidio + the Marina dept.; bajas for quinto de perlas, ganado sales"
18,6,84,0,1791-09-20,1791-09-20,Nava,Gov.,272–274,76,n77,https://archive.org/details/168036075_79_8/page/n77,"R.O. on habilitado insolvency (*quiebra*): arrest the defaulting habilitado (2 r/day), purify the shortfall and charge it *prorrata* among officers/chaplain/troop, embargo his goods → Caja del fondo de gratificación; publish before the companies every 3 months"
19,7,201,0,1794-08-04,1794-08-04,Arrillaga (Monterey),Borica,327,122,n125,https://archive.org/details/168036075_79_9_2/page/n125,Commandants to keep observing orders until Borica reaches Monterey; meanwhile *partes* sent directly to the Viceroy
20,7,303,0,1794-07-24,1794-07-24,Hijosa (San Blas),Gov. of Cal.,517–518,207,n211,https://archive.org/details/168036075_79_9_2/page/n211,"María Micaela Palacios[?], wife of the smith/armorer Pedro González (employed at Monterey), aided to go to California; $325 advanced against her husband's account, to be charged to him"
21,7,458,0,1795-04-28,1795-04-28,Pérez Fernández (SF),Borica,xiii.321–322,(140),n359,https://archive.org/details/168036075_79_9_2/page/n359,"A mission-discipline incident: the new *mayordomo* Velasco harbored the servant José Barajas overnight; the escort cabo jailed both, but released Velasco next day to work — which Pérez Fernández disapproves as too light"
22,7,556,1,1795-05-15,1795-05-15,Grajera (SD),Borica,xiii.494–495,(216)–(217),n435–n436,https://archive.org/details/168036075_79_9_2/page/n435,Three Christian Indians of Mission San Diego stowed away aboard the frigate *Concepción* (among them a cook & a Soledad-ranchería servant); none had given cause; padres blame youthful folly & the ship's persuasion
23,8,233,0,1796-06-15,1796-06-15,Manuel Carcaba,Borica,603,185,n179,https://archive.org/details/168036075_79_10/page/n179,"Error in SD accounts 1793–94: carpenter paid 240 annually, should be 180"
24,8,406,0,1797-05-13,1797-05-13,Branciforte,"Gov. California, Orizaba",767,440,n440,https://archive.org/details/168036075_79_10/page/n440,"Bulas de defuntos correction; 480 Bulas de Composición to be burned. Arrillaga's Río Colorado reconnaissance — Fiscal reviews his report on Indians of inmediaciones del Colorado, reconnaissance of terrain between this and frontier missions"
25,8,65,0,1795-04-06,1795-04-06,Goycoechea,Borica,136,40,n35,https://archive.org/details/168036075_79_10/page/n35,Correo soldiers depart; cascabel and summons sent to SD teniente
26,9,117,0,1797-06-25,1797-06-25,Ignacio Olivera[?],Borica,217,217,n80,https://archive.org/details/bancarchca_79_11/page/n80,"*Salida de un artesano* — artisan Antonio Enríquez leaves for Monterey, accompanied by soldier Manuel Cota"
27,9,350,0,1797-09-01,1797-09-01,Grajera,Borica,736–737,736–737,n198–n199,https://archive.org/details/bancarchca_79_11/page/n198,*Sobre expresión de peso de efectos* — the San Blas effects Relación omits the weight of the *panocha* (which arrives spoiled in ill-conditioned *cuarterolas*); can't justify the *merma*; asks weights be stated henceforth
28,9,459,0,1797-06-10,1797-06-10,Grajera,Borica,998,998,n260–n261,https://archive.org/details/bancarchca_79_11/page/n260,*Retención á un Alfz* — that presidio [Monterey] will assist Alférez José Luján with ⅔ of his pay & this presidio will do likewise until what was advanced to him in México is covered
29,10,27,0,,1799 (Jan–Jul),"Prudencio Cerés de Segura & Antonio de Trespalacios (Álamos correos), Viceroy Azanza, Pedro de Nava ↔ Arrillaga",,46–61,22–30,n22–n30,https://archive.org/details/168036075_79_12/page/n22,"Bounded 1799 *correo*/courier-logistics cluster: how to route the California *correspondencia* — the *extraordinario* couriers, whether via Chihuahua vs Álamos/Tepic/Buenavista vs San Blas by ship; the chain of orders (Viceroy Azanza → Nava → the correos-administrators); reimbursement of courier cos"
30,10,5,0,1798-03-17,1798-03-17,Branciforte,Borica,6,3–4,n2–n3,https://archive.org/details/168036075_79_12/page/n2,Agrees with the leave granted Fr. Hilario Torrent to retire to his Colegio de Propaganda Fide
31,10,58,2,1798-04-06,1798-04-06,Argüello,Borica,145,96,n96,https://archive.org/details/168036075_79_12/page/n96,"'Rumores de rebelión de indios' — word from San José that the Indians of a ranchería plan something (→ the Amador report, Doc 59)"
32,11,105,0,,1802 Apr 1,Carrillo,Arrillaga,162,165,n165,https://archive.org/details/168036075_79_13_2/page/n165,Juan Hernandez incident — sent report on Feb 27 about what happened with Hernandez; assumes it was received
33,11,273,0,,1803 Aug 19,Argüello (S. Francisco),Font,248,251,n252,https://archive.org/details/168036075_79_13_2/page/n252,Received report on frigate *Alexander*; will do everything possible to apprehend Capt. Juan Brown if he appears at San Francisco. p. 628
34,11,384,0,,1804 Dec 9,Rodríguez (S. Diego),Arrillaga,372,375,n376,https://archive.org/details/168036075_79_13_2/page/n376,"★ SHIPS SAIL FOR SAN BLAS — Nov 21: fragata *Princesa* (Cmdr. Agustín Bocalán) and bergantín *Activo* (Piloto José Naranjo); embarking Baja California missionaries: Miguel Abad, Mariano Soldí, Apolinario Fernández, Tomás Valdelón, José Manuel Mortiarna, Pedro Adriano Martínez, Isidro Barcenilla. pp."
35,12,113,0,1808-10-12,1808-10-12 México,Negreiros y Soria (for Garibay),,tomo 305,121,n123,https://archive.org/details/168036075_79_14/page/n123,On payment for baggage (bagajes) of officers/troops on Royal-Service marches.
36,12,271,0,1808-09-01,1808-09-01 Monterey,Arrillaga,Estudillo,tomo 668–669,232,n234,https://archive.org/details/168036075_79_14/page/n234,"Punishment of soldier José Norberto Archuleta — 3 yrs confined at SF, drummed out of the Monterey company."
37,12,50,0,1805-05-07,1805-05-07 México (Tribunal),Rl Tribunal de Cuentas,Viceroy,tomo 133–135,52–55,n53–n56,https://archive.org/details/168036075_79_14/page/n53,On developing flax (lino) & hemp (cáñamo) cultivation in California — pay growers promptly (not after the San Blas appraisal) so they can fund new sowings; the Condestable Sánchez commissioned to teach sowing & processing.
38,13,155,1,1816-12-31,1816-12-31,Tepic,,xx.582–584,128,n127,https://archive.org/details/168036075_79_15_2/page/n127,"Pedro Negrete → Gov. Solá: laments his tallow-buying venture (*empresa de sebos*) in Alta California — 'maldita sea'; the 10,000 pesos he spent are lost; the California friars refused cloth (*manta*) for tallow, demanding pesos, and Mexican ones"
39,13,209,0,1817-09-25,1817-09-25,Monterey,,xx.731,173,n172,https://archive.org/details/168036075_79_15_2/page/n172,"Juan Antonio Maya → Gov. Solá: he & his brother arrived in the brig 'San Antonio' (property of Don José Carvencia[?]), charged to put it at Solá's disposal"
40,13,382,0,1820-07-18,1820-07-18,Santa Bárbara,,xx.1190–1192,287,n286,https://archive.org/details/168036075_79_15_2/page/n286,"Pablo de la Portilla: certificate for Sgt. Roberto Pardo[?], denied the Alférez grade granted him accidentally"
41,13,90,0,1819-10-18,1819-10-18,Durango,,xx.317–318,85,n84,https://archive.org/details/168036075_79_15_2/page/n84,Alejo García Conde → Gov. Alta Calif.: learned from the Gov. of Baja California that the brig 'Cosak' continued its navigation toward San Luis
42,14,1015,0,1795-09-12,1795-09-12,Borica,Juan Matute,~xxii.593,,n232,https://archive.org/details/168036075_79_16_2/page/n232,Forwards same communication as above
43,14,1028,0,1796-05-10,1796-05-10,Borica,Francisco Hijosa,~xxii.601,,n236,https://archive.org/details/168036075_79_16_2/page/n236,Reimbursement of a sum
44,14,190,0,,1795,,,xxii.~482,,n218,https://archive.org/details/168036075_79_16_2/page/n218,"Thomas Pearce, British Nootka commissioner mentioned. Broughton dispatched from Monterey to Veracruz by Vancouver"
45,15,328,0,1787-12-31,1787-12-31,Felipe de Goycoechea,,83,233,n238,https://archive.org/details/168035972_79_17_2/page/n238,"SB tithes in kind, 1787: 203 fanegas maize ($355.2), 15½ beans ($46.4), 10 wheat ($20), squash ($19.4) = $441.4. Orig. p.83."
46,15,365,0,1787-12-31,1787-12-31,José Mª Estrada,,163–167,250,n256,https://archive.org/details/168035972_79_17_2/page/n256,"Loreto general account 1787: cargo $8,195; data $6,895. Orig. pp.163–167."
47,15,419,1,,1790,(continuation),,529,285–286,n291–n292,https://archive.org/details/168035972_79_17_2/page/n291,"Roster of the Baja California missionaries, 1790: at Todos Santos (Frs. Salcedo & Vario[?]); Mission [San José] Fr. Mariano Fernández (interim cura P. Lafuente); San José del Cabo Fr. Romualdo de Ferreira; Santiago Fr. Fco. Hortiguela[?]; San Miguel Fr. Miguel Abad → Loreto P. Lino Pallás; San Ferna"
48,16,145,0,1797-12-02,1797-12-02,José Joaquín de Arrillaga,,520–618,88,n87,https://archive.org/details/168035972_79_18_2/page/n87,"*Compañía presidial* (muster) — capt. (lt.-col.) Arrillaga, tte José Pérez Fernández, alférez Ildefonso Bernal, 3 sgts, 5 cabos, 57 soldados = 68 men; invalids 1 sgt/1 cabo/1 sol.; 3 artisans + marine crew (1 patrón, 2 arráez, 1 guardián, 23 sailors)"
49,16,226,0,1799-03-07,1799-03-07,Hermenegildo Sal,,581–2,140,n139,https://archive.org/details/168035972_79_18_2/page/n139,"*Gastos del Presidio* — 1800 budget: company/invalids/artisans/settlers $21,519 + Governor's 1799 salary $4,000 = $25,519"
50,16,356,0,1802-04-12,1802-04-12,José Joaquín de Arrillaga,,30–2,218,n217,https://archive.org/details/168035972_79_18_2/page/n217,the Catalonian Volunteers in 1801 held 70→69 men
51,16,370,2,1802-06-15,1802-06-15,Arrillaga,Carrillo,323–4,223,n222,https://archive.org/details/168035972_79_18_2/page/n222,"1802 municipal elections: at San José alcalde Tiburcio Vásquez, regidores Apolinario Bernal & Francisco Valencia; at Branciforte alcalde Vicente Mesa, regidores Fermín Cordero & Tomás Prado"
52,17,109,0,1812-04-01,1812-04-01,Gob. Arrillaga,,xliii.354–62,70,n69,https://archive.org/details/168035972_79_19_2/page/n69,Piquete de Artillería strength 1812: 2 sargtos 2º + 13 artilleros = 15. Orig. pp.354–62
53,17,196,0,1809-03-24,1809-03-24,"José Mª Estudillo, Habilitado",,xlvii.101–4,159,n158,https://archive.org/details/168035972_79_19_2/page/n158,"Donativo al Rey: the presidial company, inválidos, militiamen & *vecinos* of Pueblo San José & Villa Branciforte gave $528 'para gastos de la guerra en Francia' (the Peninsular War). Orig. pp.101–4"
54,17,86,0,1810-06-07,1810-06-07,"Joaquín José Gómez y Vázquez (Mesa de Californias, Real Tribunal de Cuentas)",,xlii.367,61,n60,https://archive.org/details/168035972_79_19_2/page/n60,"All-presidios *situado* for 1811 (per the 1779 Reglamento): Monterey (less inválidos/storage) $25,373; San Diego $19,695; Sta Bárbara $20,287; San Francisco $18,888; total $82,353, to be handed to the Habilitado Gral. to supply the 1811 *memorias*. Orig. p.367"
55,18,19,0,1822-11-12,1822-11-12 (events Jan 1822),Cmdt. Luis Antonio Argüello,"fiscal Tte. Ignacio Martínez, escribano José Fernández",721–36,,n73–n75,https://archive.org/details/168035973_79_20/page/n73,"Child homicide. Body of neophyte shepherd boy Juan found near Mission SF, rawhide cord at neck. Four neophyte boys — Marcelo (11), Ventura & Ildefonso (9), Vicente Francisco (10) — strangled him with cord, sand in mouth, kicking, over a quarrel about fetching tuna. Full confession; baptism records s"
56,18,247,0,1827-11-14,1827-11-14,José Estrada,,LXII.136,,n257,https://archive.org/details/168035973_79_20/page/n257,Duties on the American frigate Franklin ($1088 goods): 25% $272 + 2½% avería = $299.1.7
57,18,355,0,1828-02-04,1828-02-04,Mariano G. Vallejo (Habilitado),,LXVI.598–604,,n403,https://archive.org/details/168035973_79_20/page/n403,"Monterey presidial company: Tte comte José Estrada, 2 sgts, 10 cabos, 55 sold.; haberes $1,293; notes Vallejo, formerly a cadet of this company, was dado de baja 27 Dec 1827 on promotion to alférez of the San Francisco company"
58,19,162,0,1831-08-03,1831-08-03,Sargto José Mª Mederos,,513–531,287,n292,https://archive.org/details/168035972_80_1_2/page/n292,"SB artillery detachment: 1 sargto, 1 cabo, 6 soldados = 8; reviewed before Anastasio Carrillo (postmaster). Orig. pp.513–531."
59,19,232,2,,1833,Gen. Figueroa,Alf. Dámaso Antonio Rodríguez,334+,435,n440,https://archive.org/details/168035972_80_1_2/page/n440,"Formal INSTRUCTIONS for a military expedition into the Tulares to 'perseguir y destruir la reunión de individuos del territorio de Nuevo México denunciados de ladrones de ganado caballar y mular': 15 cavalry from the Santa Bárbara presidio to march to Los Ángeles, join the alcalde & armed vecinos, w"
60,19,49,0,1827-11-15,1827-11-15,Romualdo Pacheco,,558,46,n46,https://archive.org/details/168035972_80_1_2/page/n46,SB company Nov 1827: 64 plazas + 8 artillerymen. Orig. p.558.
61,20,1,0,1834-11-03,1834-11-03,Anastasio Carrillo,,5,2,n1,https://archive.org/details/168035972_80_2_2/page/n1,"SB presidial company pay-budget — $1,835 due"
62,20,105,0,1833-05-30,1833-05-30,A. Solórzano (San Juan Bautista),Figueroa,380–3,98,n97,https://archive.org/details/168035972_80_2_2/page/n97,travelers passing without passports
63,20,132,0,1834-11-30,1834-11-30,Zamorano,,623,110,n109,https://archive.org/details/168035972_80_2_2/page/n109,troop expenses $150
64,21,225,0,1809-07-10,1809-07-10,(habilitado),,II·154–157,125,n124,https://archive.org/details/168036074_80_3_2/page/n124,Monterey company pay-adjustments for 1808 (per Arrillaga's revista lists)
65,21,24,1,1810-06-07,1810-06-07,Antonio Cuartara,,49–50,13,n12,https://archive.org/details/168036074_80_3_2/page/n12,"the frigate *Reyna de los Ángeles* chartered ($10,000 + $4,000/mo) to carry war supplies (artículos de guerra) to Alta California"
66,21,84,0,,(n.d.),(unsigned),,247–249,45–46,n44–45,https://archive.org/details/168036074_80_3_2/page/n44,"SD presidial company roster — capt Ignacio del Corral, tte Juan Mª Ruiz, alférez Ignacio Martínez + José Mª Pico, sgt Cristóbal Domínguez, cabos José Góngora, Pedro Lobo, Juan Osuna, José Alvarez, cadete Domingo Carrillo, 43 soldiers; + mission escoltas: San Gabriel (cabo J.B. Alvarado, 6), San Juan"
67,22,163,0,1776-12-19,1776-12-19,(Rosario),,305–306,137,n137,https://archive.org/details/168036074_80_4_2/page/n137,"Duplicate relación of cattle taken from the old [Baja] missions — *[cf. Prov. State Papers Benicia Military I, pp.804–5; Savage cuadernos pp.44–5]*"
68,22,208,0,1779-08-10,1779-08-10,Neve,Virrey,412,160,n160,https://archive.org/details/168036074_80_4_2/page/n160,[2 docs] *Santiago* arrival with víveres; requesting clothing & effects for the presidios
69,22,3,0,1775-03-25,1775-03-25,Neve,Virrey,3,2,n1,https://archive.org/details/168036074_80_4_2/page/n1,Announces arrival (4th of month) & installation as governor; predecessor Felipe de Barri embarks next day on *Concepción* for San Blas; has received public archives & certain provisions
70,23,24,0,1785-08-24,1785-08-24,same,same,23,11,n10,https://archive.org/details/168036074_80_5_2/page/n10,the Alférez to credit the fondo de obras públicas for private works at the Monterey presidio — Morillo[?]
71,23,56,0,1784-02-10,1784-02-10,,Moraga,37–39,23,n22,https://archive.org/details/168036074_80_5_2/page/n22,*Prisión de pobladores* — imprison those who opposed his order; intimate to Ignacio Archuleta[?] (1783) re building an adobe house & works at the presidio
72,23,76,1,1785-02-14,1785-02-14,,Moraga,48,31,n30,https://archive.org/details/168036074_80_5_2/page/n30,approves the 'toma del Pueblo' with [Ignacio] Vallejo as 'el Director'
73,23,98,0,1788-01-25,1788-01-25,Fages,Argüello,65,41,n40,https://archive.org/details/168036074_80_5_2/page/n40,arrange the cargo/libramientos/existence of the Monterey Habilitación received from José Ortega to end of Dec
74,24,112,1,1795-07-23,1795-07-23,Borica,Com.te SF,53,59–60,n58–n59,https://archive.org/details/168036074_80_6_2/page/n58,seek población (settlement) sites between the SF Presidio & Mission Santa Cruz + the beach road (Sgt Amador's recon); make the road transitable
75,24,229,0,1795-11-24,1795-11-24→,Borica,Com.te San Diego,349–351,146,n145,https://archive.org/details/168036074_80_6_2/page/n145,Bulas; Loreto habilitación; barracks for the troop; artillery-reception for the battery; esplanada battery
76,24,80,1,1795-02-04,1795-02-04,Borica,Com.te SF,39–40,42–43,n41–n42,https://archive.org/details/168036074_80_6_2/page/n41,re Mission SF: the friars didn't say Mass Sunday the 25th (fiesta); + the matter of P. [Antonio] Danti & the day-escort offered him
77,27,148,1,1826-06-21,1826-06-21,José Mª Echeandía,Comand.te de Monterey,548–550,150,n142,https://archive.org/details/168036073_80_9_2/page/n142,"Demands the cargo manifiesto of the schooner Rover (kinds of effects, quality & prices) per the captain's representation"
78,27,246,0,1829-11-28,1829-11-28,Guillermo Cota,Comandante de Californias,274–275,II:82,n246,https://archive.org/details/168036073_80_9_2/page/n246,Transmits a noticia de capitales per the law of 22 May last
79,27,83,0,1825-11-22,1825-11-22,José Romero,Echeandía,317–324,~83,n80,https://archive.org/details/168036073_80_9_2/page/n80,Correspondence relayed via a San Bernardino neophyte & the Cocomaricopas; provisioning still undone despite repeated requests; Lt. Ibarra with 15 men
80,28,158,0,1833-07-13,1833-07-13,"Juan M. Ibarra (Cmdte., Sta Bárbara)",Figueroa,iii.381–382,124,n125,https://archive.org/details/168036073_80_10/page/n125,Forwards a memorial ⚠ UNCITED (Sav p.124)
81,28,201,0,1833-03-23,1833-03-23,Ángel Castro,Figueroa,iii.582–584,146,n147,https://archive.org/details/168036073_80_10/page/n147,Requests otter-hunting permission on the south coast of Monterey; granted the 26th ⚠ OUT OF ORDER (1833) ⚠ UNCITED (Sav p.146) → otter
82,28,30,0,1831-03-23,1831-03-23,Vicente Sánchez,Cmdte. Gral. y Gefe Político,iii.81–82,20,n19,https://archive.org/details/168036073_80_10/page/n19,Sends the reports the Cmdte. General requested (re: the accusation against J. A. Carrillo) ⚠ Sav p.20 likely UNCITED
83,29,103,0,1838-02-04,1838-02-04,Antonio María Pico,Alvarado,405–406,181,n178,https://archive.org/details/168036073_80_11_3/page/n178,"Carta personal: acusa recibo, satisfacción, ha vuelto al seno de su familia; su hermana Estefana se halla enferma y sacramentada"
84,29,15,0,1835-04-09,1835-04-09,José M. Herrera,Figueroa,44–61,19–20,n18–n19,https://archive.org/details/168036073_80_11_3/page/n18,"Envío de efectos: por solicitud del Director Híjar, transporte de varios efectos pertenecientes a los indios de la colonia de San Gabriel vía San Francisco a Monterey; lista detallada de cargos de flete de la Fragata *Rosa* (efectos de San Pedro→SF→Monterey; familias embarcadas por Estudillo por ord"
85,29,30,0,1835-09-13,1835-09-13,M. G. Vallejo,Figueroa,93–95,38–39,n37–n38,https://archive.org/details/168036073_80_11_3/page/n37,"Sobre la sumaria contra el Sgto. José M. Padrés: Vallejo no ha podido proseguirla (ocupado en recluta, ración de la Misión y matanzas; sin escribano militar) y pide se encargue su conclusión a otro oficial para reincorporarse a su compañía"
86,31,12,1,,1845,[comisionado],,VIII:275,275,n280,https://archive.org/details/168036073_80_13_2/page/n280,"Nominal padrón/census (names + ages): the Silva, Morillo, Cañedo, Real families &c."
87,31,5,0,,1846,Agustín Olvera (Srio de Guerra),,VII:279–284,83,n85,https://archive.org/details/168036073_80_13_2/page/n85,Californio 1846 military reglamento: 2-company organization; Gov may modify arts 3 & 5; 'se observará… hasta sea tiempo de paz'
88,31,7,0,1846-07-01,1846-07-01,Abel Stearns,Presidente de la 2ª Asamblea,VII:329–330,93,n95,https://archive.org/details/168036073_80_13_2/page/n95,"Convening the Assembly/Junta amid the crisis; + notice LA 'libre de peligro de incursión,' vecinos returned home (29 Jun)"
89,32,5,0,1843-03-07,1843-03-07,Alcalde José Mª Osuna,Gob. y Comte Gral,IX:257,16,n15,https://archive.org/details/168036073_80_14/page/n15,"Requests confirmation of his new post on the pueblo's behalf, pledging obedience"
90,32,6,0,1845-06-19,1845-06-19,Pío Pico,José Mª Covarrubias,IX:339,16,n15,https://archive.org/details/168036073_80_14/page/n15,Names Covarrubias Secretario del Despacho (replacing the ill Bandini); archive handed over next day
91,32,7,2,,1821–1822,[unsigned discourse],,[borrador],31,n30,https://archive.org/details/168036073_80_14/page/n30,Independence-transition discourse: the 'total Independencia de la antigua España' is established; the province must publish the bando & swear independence 'sin demora' & elect a representative to the Mexican corte
92,33,117,2,1841-06-28,1841-06-28,Francisco Guerrero,Prefecto del Distrito,327–333,74–75,n74–n75,https://archive.org/details/168036073_80_15/page/n74,"Remite declaración dada bajo juramento por los C. norteamericanos Jacob P. Leese y Nathan Spear, con asistencia de Francisco de Haro y Manuel Sánchez: interrogados sobre lo que oyeron a bordo de la fragata de guerra americana *St. Louis* — Leese dice que en casa de Spear el Capitán de la *St. Louis*"
93,33,174,0,,1843 (Feb 2 → Oct 30),"Raymundo Carrillo, Juan Camarillo, Graciano Carrillo (jueces de paz)",Srio. de Gob.,356 / 457 / 435 / 439–43,161–162,n163–n164,https://archive.org/details/168036073_80_15/page/n163,(multi) Feb 2: Francisco Carrillo entregó a Nicolás A. Den los documentos de la posesión jurídica del Rancho Dos Pueblos; May 6 (San José Misión) la comunidad recibió el decreto en su representación; May 24 Camarillo adjunta recibo; Oct 14 (3 docs) envía copia relativa al juramento de las Bases Orgá
94,33,30,0,1844-01-29,1844-01-29,Amesti,Gob.,71,17,n17,https://archive.org/details/168036073_80_15/page/n17,Remite renuncia
95,33,76,2,1839-02-14,1839-02-14 / 24 / 03-01 / 15,José Noriega,Gobernador,176–184,46–47,n46–n47,https://archive.org/details/168036073_80_15/page/n46,"(6 docs) Feb 14: acknowledges recognition as autoridad política, the Reglamento de Misiones, bando to populate the adjacent islands, régimen de sus pobladores, instrucciones para causa criminal, receipt of the Constitución de 36. Feb 24: ⭐⭐ orders the Capitán de la Compañía de Cazadores instructions"
96,34,112,0,1840-12-23,1840-12-23,Juez 1ª Inst. de la Ciudad,,37,,n37,https://archive.org/details/168036072_80_16/page/n37,adjunta oficio (pp.170-71)
97,34,1147,0,1840-01-22,1840-01-22,Joaquín Carrillo (Sta Bárbara),Juez de 1ª Inst.,463,,n463,https://archive.org/details/168036072_80_16/page/n463,charges vs Pascual Batista[?] to be handled by his juzgado; wanders about with a passport (doc pp.79-82)
98,34,1286,2,1840-05-16,1840-05-16,Felipe Lugo,justice-holders & rancho-owners,522,,n522,https://archive.org/details/168036072_80_16/page/n522,a great horse-theft from S. Gabriel to S. Bernardino — the vecindario to reinforce the pursuit party that left yesterday; $20 fine for non-compliance (doc pp.410-411)
99,34,768,0,1839-02-22,1839-02-22,Juan de Dios [Ballesteros?] Padilla,Alcalde 2º,329,,n328,https://archive.org/details/168036072_80_16/page/n328,"a retired army officer protests an insult, invoking his fuero (doc pp.639-40)"
100,34,794,0,1839-04-15,1839-04-15,S. Argüello (S. Juan Capistrano),Prefecto del 2º Distrito,344–345,,n343–n344,https://archive.org/details/168036072_80_16/page/n343,2 docs: acks the Carrillo/Castillo appointments + the possession speech (doc pp.706-9)
101,35,115,0,1839-06-06,1839-06-06,J.M. Valenzuela (Concepción),Peña,38,,n38,https://archive.org/details/168036072_80_17/page/n38,ack that Peña handed the 2º-Distrito Prefecture to Tapia (doc p.255)
102,35,317,0,1839-12-14,1839-12-14,Osuna (S. Diego),Tapia,105,,n105,https://archive.org/details/168036072_80_17/page/n105,"proposes judges for SD — Enrique Domínguez[?] as Juez de Paz propietario, José María Alvarado as suplente (doc pp.777-778)"
103,35,787,0,1842-12-30,1842-12-30,Juan Pérez (San Gabriel),Santiago Argüello,VII·31,,n289,https://archive.org/details/168036072_80_17/page/n289,15 fanegas corn + 4 beans (doc pp.184-5)
104,35,958,1,,1844 (n.d.),[unsigned],,VIII·1,,n365,https://archive.org/details/168036072_80_17/page/n365,"muster roll of the LA Civic Company — Capt. José Sepúlveda, Lt. Andrés Pico, 2nd Felipe Lugo, Alférez Ignacio Palomares, Sgt. Leonardo Cota, cabos Mariano Silva/Guillermo Urquídez/Felipe Valenzuela + 25 soldiers (doc p.1)"
105,36,26,1,1834-05-26,1834-05-26,Figueroa & Zamorano,,20–21,67,n66,https://archive.org/details/168036072_80_18/page/n66,*Bando sobre revoltosos* — guard against *facciosos* entering the Territory
106,36,67,2,1842-10-24,1842-10-24,J.B. Alvarado (4 ej.),,172–176,88,n87,https://archive.org/details/168036072_80_18/page/n87,*Proclama* on Micheltorena's arrival — lands at San Diego as Gob./Comte Gral./Inspector of both Californias
107,36,72,0,1843-12-31,1843-12-31,Micheltorena & Jimeno,,585–586,100,n99,https://archive.org/details/168036072_80_18/page/n99,*Bando* on export of hides & other goods
108,37,266,0,1840-11-20,1840-11-20,Fernández,Prefecto,566,121,n122,https://archive.org/details/168036072_80_19/page/n122,sobre correspondencia
109,37,325,1,1845-04-05,1845-04-05,Bandini,Alcalde,737–738,147,n148,https://archive.org/details/168036072_80_19/page/n148,"desterrar á SONORA á Ricardo Uribe — 'practicando las diligencias necesarias pr qe conste qe es nocivo á la tranquilidad' (the man Peña's 1836 dictamen protected, now banished with full paperwork)"
110,37,424,0,1837-04-07,1837-04-07,Jimeno,Peña,17–18,XII·3,n184,https://archive.org/details/168036072_80_19/page/n184,Orden sobre aprehensión de un reo
111,37,606,0,1843-06-18,1843-06-18/30,Micheltorena,Domínguez,694–701,XII·102,n284,https://archive.org/details/168036072_80_19/page/n284,Disposiciones judiciales; el Comᵗᵉ Gral de Jalisco avisa qᵉ el reo Richards llegó á San Blas; perseguir 9 desertores del Batallón de Californias (varios docs)
112,38,212,0,1842-12-26,1842-12-26,Prefecto José R. Estrada,Manuel Castro,1070,160,n160,https://archive.org/details/168036071_80_20/page/n160,"Named Secretario of this Prefectura, salary 700 pesos/yr"
113,38,213,0,,1843-11-7,Gregorio Castañares,Gobernador,1081–1082,160,n160,https://archive.org/details/168036071_80_20/page/n160,"Needing to place a considerable number of bienes semovientes & lacking land, denounced as vacant the land known as Las Llagas y de Hernández occupied by D. Carlos Castro & abandoned by him, asking it be granted him in propiedad"
114,38,30,0,1842-06-14,1842-06-14,José Cervantes & Ignacio Mas,Tesorero de California,73,13,n12,https://archive.org/details/168036071_80_20/page/n12,De orden del Presidente: military Comandantes named Prefectos of a District who do not enjoy more salary than their military pay are to be given 40 pesos by the respective Aduana for office expenses
115,40,1,0,1825-07-15,1825-07-15,José Mª de Echeandía (jefe sup. político de las Californias),Comisario Sub. Principal de las Cal.,1–5,2,n1,https://archive.org/details/168036070_81_2/page/n1,Postal service between the two Californias: mails to leave Loreto the 1st & 15th of each month; possible monthly communication with Álamos
116,40,70,0,1826-12-31,1826-12-31,Maitorena,,471–472,67,n66,https://archive.org/details/168036070_81_2/page/n66,"SB tithe (*diezmo*) account: $2,641 collected, 5% comisario commission"
117,40,77,0,1827-12-18,1827-12-18,Riesgo,Comisº de la Cal,495–496,70–71,n69–n70,https://archive.org/details/168036070_81_2/page/n69,President's resolution on 67 retired troops across the Californias' presidios: revalidate their Spanish-era retirement *cédulas*
118,41,29,0,1827-11-30,1827-11-30,"José M. Estrada, Adm.dor",,28–29 (orig. 184–5),29–30,n29–n30,https://archive.org/details/168036069_81_3/page/n29,"Monthly income/expense: anchorage (2 vessels), tonnage on the vessel 'Cadiac' (Kodiak, 172 t, $430), loans, *Franklin* import duties ($272 + avería), rancho nacional, San Juan Bautista mission effects."
119,41,40,1,1834-07-01,1834-07-01,Ángel Ramírez,,II.1 (orig. 21–2),40,n40,https://archive.org/details/168036069_81_3/page/n40,Took charge as Administrator of the maritime & land customs of Monterey (the notorious Ramírez of the Híjar-Padrés era).
120,41,70,0,1833-06-24,1833-06-24,Gov. Figueroa,González,II.25 (orig. 514–5),64,n64,https://archive.org/details/168036069_81_3/page/n64,Agrees to collect alcabalas without oppressive burdens that would 'aniquilar la naciente y única industria del país' (the cattle trade); charge by value; uniformize across the Territory; consult Mexico.
121,41,80,0,1836-06-03,1836-06-03,"Antonio M.ª Osio, Adm.dor",Comand. Gen.l/Jefe Político N. Gutiérrez,IV.2–3 (orig. 341),74–75,n74–n75,https://archive.org/details/168036069_81_3/page/n74,"Reports SD receiver Cabello's 'faltas de respeto' to the local authorities; his arrest & a sumaria ordered, a substitute named to represent the Treasury — an 'extraordinario caso' for the Supreme Govt."
122,42,273,0,1845-03-01,1845-03-01,Cristóbal Aguilar,Secretº,ii.240–241,103,n102,https://archive.org/details/168036068_81_4/page/n102,Attended to the aid of horses requested
123,42,44,0,1829-09-22,1829-09-22,Guillermo Cota,Gefe Sup. polít.,137–139,11,n10,https://archive.org/details/168036068_81_4/page/n10,Sends sumarias (criminal case files) [3 docs]
124,42,452,0,1846-01-16,1846-01-16,Anastacio Carrillo,,ii.654–657,171–172,n170–n171,https://archive.org/details/168036068_81_4/page/n170,"Named Esteban Ortega collector of municipal dues; José de Jesús Pico being absent, his juez-de-paz appointment went uncommunicated [2 docs]"
125,42,509,1,1845-11-07,1845-11-07,Vicente Sánchez,Secretº,ii.804,190,n189,https://archive.org/details/168036068_81_4/page/n189,Apprised of the Foreign Minister's order to protect in justice Miguel Pedrorena & Antonio Cot
126,42,554,0,1845-05-02,1845-05-02,— (Savage annotation),,ii.888,200,n199,https://archive.org/details/168036068_81_4/page/n199,A receipt for $25
127,43,23,2,1844-07-06,1844-07-06 / 11-18,Micheltorena & Secº Jimeno,,276–277,,n196,https://archive.org/details/168036067_81_5/page/n196,militia-organization bando 'en virtud de la Superior orden de 11 de Mayo… con motivo de la declaración de guerra con México y los E.U. del Norte' (the Texas/US war alarm); + a bando of penalties for the 'revoltosos del pronunciamiento' (the anti-Micheltorena revolt); + convocation of the Asamblea to
128,43,28,1,1833-12-31,1833-12-31 / 1834,José Figueroa,,ii.49–55,,n48–n54,https://archive.org/details/168036067_81_5/page/n48,Figueroa's publication-bandos of federal legislation: publishes decrees authorizing the President to command in person; extinguishing the Colegio de Sta Mª de Todos Santos; Spanish retirees from the military-health corps; the Gómez Farías comisaría decree; a verbatim Gómez Farías decree on the *juec
129,43,40,0,1843-05-19,1843-05-19 / 1845-04-04,Director Gen. de Rentas / J. I. Pavón (México),Admin. Aduana Monterey,viii.280–306,,n454,https://archive.org/details/168036067_81_5/page/n454,"Custom House Vol. VIII staff + fiscal orders: guardas/celadores roster (Benito Díaz, Joaquín de la Torre, Francisco Rico, Rafael Pinto, Jacinto Rodríguez, p.280–2); a Junta de Fomento del puerto appointment (p.305–6); Pavón's order on monthly cash-counts (*cortes de caja*) in the Hacienda offices."
130,44,11,0,1786-03-03,1786-03-03 (+ Sep re-copies),Fages,Ignacio Vallejo,50–55,9,n8,https://archive.org/details/168036066_81_6/page/n8,curb the *milpa* waste 'pues en él se defrauda el Diezmo'; ⭐ Cabo Soto's solar assigned & his huerta enlarged (land); attend to the *saca de agua* (water works); an individual sowing-relación; gather intel on deserters
131,44,12,0,1786-03-13,1786-03-13→27,Fages,Ignacio Vallejo,56–57,10,n9,https://archive.org/details/168036066_81_6/page/n9,pueblo admin: curb waste (tithe + the pobladores 'se verán… pereciendo'); only surplus maize to the presidio; identify the thieves; are the Guardia & Ronda doing their duty; Castro may not sell or slaughter breeding cattle ('defrauda al Diezmo'); watch the chapel; tithe cattle to be sold (always for
132,44,51,1,1795-11-13,1795-11-13→27,Borica,Com.te San José,281–,54,n53,https://archive.org/details/168036066_81_6/page/n53,"the Sta Clara neophytes robbing sacks &c. — warn the vecinos any settler using 'tales pillajes' will be punished; the land *repartimiento* to Fran.co Castro, Jacobo Velarde, Antonio Aceves; ⭐⭐ 'dice es copia' — the HEMP & FLAX (cáñamo y lino) cultivation orders for the Hacienda de San José de Chalco"
133,45,2,0,,1822,Argüello,ayunt. de San José ((SF)),2–4,,n2,https://archive.org/details/168036066_81_7/page/n2,⚠ leaf partly blotted/redacted — 'Existente en…' (unclear)
134,45,41,0,,1834-06,José Figueroa,Alcalde de San José,609–647,,n146–n150,https://archive.org/details/168036066_81_7/page/n146,"Indian-labor-bando tail (each Indian one month in the works, then back to his mission); a *policía*-bando model for the pueblo; ⭐ Salvio Pacheco assigned a corral site near the San José *ejidos* (per art. 6 of the pueblos' policía bando); ⭐⭐ the Diputación's 'rodeos de comunidad' reglamento — regula"
135,45,44,1,,~1834,Figueroa (reglamento) [(Monterey)],,680,,n162,https://archive.org/details/168036066_81_7/page/n162,a timber-extraction reglamento: prohibits timber export from the territory (port-to-port needs the Alcalde's written permit specifying the pieces; violators fined the timber's appraised value to the municipal funds; ships' captains liable); national & foreign ships may take wood for ordinary uses/*a
136,45,58,1,1839-08-18,1839-08-18→09-28,José Castro,juez de paz de San José,159–162,,n209–n210,https://archive.org/details/168036066_81_7/page/n209,orders an armed force put at the disposal of Dn. Guillermo (William) Hartnell to support his northern visit as 'Visitador general de las misiones' (the 1839 Hartnell mission-inspection — secularization administration); + remits bandos; + a bando on Alvarado's appointment as gobernador interino (Sept
137,46,112,0,1825-01-25,1825-01-25,Argüello,Martínez,227,,n304,https://archive.org/details/168036065_81_8_regular/page/n304,"recruiting/appointments (cabos José Fernández, Pablo Pacheco) at the Monterey presidio"
138,46,30,0,1824-09-27,1824-09-27,Argüello,Min. de Guerra,17,,n26,https://archive.org/details/168036065_81_8_regular/page/n26,'Naufragio de un Buque': reports the loss of the sole ship at Loreto (Baja) & the govt commission on it
139,46,46,0,1822-12-17,1822-12-17,Argüello,[ex-gov.] Pablo Vicente de Solá,33,,n48,https://archive.org/details/168036065_81_8_regular/page/n48,'Publicación de Bando' *(OUT OF SEQUENCE — back-filled 1822)*: re the San Carlos (Monterey) presidio officers' representation to Solá about the Bando he published (Nov) to stop murmurings/libels against the Vocales of the Provincial Diputación
140,47,106,2,1828-10-22,1828-10-22,Echeandía,Alcalde de LA / Santiago Argüello,509–512,,n315,https://archive.org/details/168036065_81_9_2/page/n315,"inform if it's true that Juan Lola[?], Capt. of the bergantín 'Karaymakú/Karimoko', was at Ensenada de S.Pedro & left without paying tonnage; + the reo Leonardo Virgen prosecuted by subteniente de Ingenieros Romualdo Pacheco"
141,47,28,0,1828-07-07,1828-07-07,Echeandía,Pedro Carrillo,15,,n4,https://archive.org/details/168036065_81_9_2/page/n4,passport
142,47,59,0,1826-10-30,1826-10-30,Alcalde de Los Angeles,,42–43,,n11,https://archive.org/details/168036065_81_9_2/page/n11,the provisional Comisario received tobacco
143,48,1069,1,1830-08-22,1830-08-22,,alcalde de los Ángeles,p.451–453,,n367,https://archive.org/details/168036065_81_10/page/n367,"sobre el embarco del carpintero Charles en la fragata inglesa 'Thomas Nowlan', entrada de S. Juan Capistrano"
144,48,1175,1,1830-12-02,1830-12-02,,comte militar de S. Francisco,p.570–571,,n402,https://archive.org/details/168036065_81_10/page/n402,sobre el fondeadero en Yerba Buena
145,48,25,0,1829-05-19,1829-05-19,Echeandía,Min. de Relaciones y Justicia,p.67–70,,n13–n15,https://archive.org/details/168036065_81_10/page/n13,"broad civic/economic report: ⭐ acute shortage of primary-school teachers (proposes a 1,000$/yr presidio schoolmaster); the 3 gente-de-razón pueblos (San José, Los Ángeles, Branciforte) insolvent & subsistence-only; local crafts (serapes, blankets, tanning, saddlery); flax & hemp grow well but abando"
146,48,849,0,1830-04-24,1830-04-24,,comte de compª de caballería permanente de Monterey,p.162–163,,n305,https://archive.org/details/168036065_81_10/page/n305,acompaña 28 licencias para individuos de la Compañía de S. Fernando
147,49,1101,0,1844-04-01,1844-04-01,Micheltorena,Alcalde 1º de Santa Bárbara,XIII·137–138,XIII·76,n420,https://archive.org/details/168036065_81_11/page/n420,approves a police measure on cattle-slaughter
148,49,613,0,1840-12-17,1840-12-17,José J. Fernández (interim Govt sec.),Prefecto del 2º distrito,XI·115–118,XI·30,n235,https://archive.org/details/168036065_81_11/page/n235,(bundle ~6 docs) Prefecture expenses; sends a law; correos; jail-returns receipt; on Alférez González
149,49,617,1,1840-12-04,1840-12-04,Fernández,José Castro (Prefect 1st dist.),XI·122,XI·31,n236,https://archive.org/details/168036065_81_11/page/n236,Gov. approves Manuel Castañares as interim secretary of the Prefecture
150,49,62,0,1831-04-27,1831-04-27,Victoria,Comte pral de Artillería,36,17,n16,https://archive.org/details/168036065_81_11/page/n16,Shipment of powder (*pólvora*)
151,49,634,0,1840-12-24,1840-12-24,Casarín,Comandante de Santa Bárbara,XI·138,XI·35,n240,https://archive.org/details/168036065_81_11/page/n240,asks him to assist the Prefect of the 2nd district as needed
152,49,826,0,1841-09-23,1841-09-23,Gov. Jimeno,Prefectos de los Distritos,XII·64,XII·19,n302,https://archive.org/details/168036065_81_11/page/n302,notifies he has taken interim charge of the Government
153,50,101,1,1794-12-13,1794-12-13,"Hermenegildo Sal (padrón); friars Fr. Fermín de Lasuén, Fr. Pascual Arenaza, Fr. José Señán",,ii.2,2 (T.II),n135,https://archive.org/details/bancarchca_81_12/page/n135,"*Padrón de la Misión de San Carlos* (Resumen de almas): matrimonios 106 (=211 almas), viudos 12, viudas 24, solteros 88, solteras 76, niños 138, niñas 105 — total 657 almas. *[Padrón taken by the presidio comandante Sal, not the friars]*"
154,50,145,0,1795-08-30,1795-08-30,Sgt. José María Ortega (Sta Bárbara),Borica,ii.252–54,190,n189,https://archive.org/details/bancarchca_81_12/page/n189,Parallel report on the same recon; Savage: 'nada notable'
155,50,161,0,1795-07-06,1795-07-06,José Argüello,,ii.303,200–201,n199,https://archive.org/details/bancarchca_81_12/page/n199,"*Ganado herrado y castrado* — castrados 497 / herrados 1,019 (Real Hacienda; duplicate of Docs 153/155)"
156,50,33,0,,1789,,,i.188–90,75,n74,https://archive.org/details/bancarchca_81_12/page/n74,*Borradores del estado anterior* — draft versions of the 1789 province census
157,50,46,0,1790-10-30,1790-10-30,,,i.271–72,83,n82,https://archive.org/details/bancarchca_81_12/page/n82,"*Censo y castas de la Misión de San Miguel [de la Frontera / 'del Encino'?]* — 127 souls (v66/h59; 6 españoles, 2 europeos, ~117 indios, 2 religiosos). Resolves the 'San Miguel' row in Doc 32 — a northern-Baja Dominican mission counted under the SD jurisdiction"
158,51,131,0,,1836–1839,(La Soledad secularization cluster),,—,VIII·39–48,n164–173,https://archive.org/details/bancarchca_81_13/page/n164,"BOUNDED BLOCK — Mission La Soledad (a poor mission): 1836 handover inventory (Espinosa & Aguila; buildings unvalued, créditos ~$556) + salary list (minister Fr. Jesús Mª Vázquez del Mercado $500 [the C-A 61 neophyte-betrayal-denunciation friar]; admin Salvador Espinosa $500; scribe/mayordomo = $1,24"
159,51,32,0,1837-08-01,1837-08-01,R. Carrillo,,768,25,n24,https://archive.org/details/bancarchca_81_13/page/n24,what the Governor delivered *to* the mission — 4 barrels aguardiente $440 + goods from the ship *Alerta* (Alert) $300 = $740
160,51,56,0,1839-12-31,1839-12-31,Juan Bandini,,267–274,42–43,n41–42,https://archive.org/details/bancarchca_81_13/page/n41,"clothing distributed among 233 San Gabriel Indians (common wool & cotton textiles, kerchiefs, rebozos), worth $1,615"
161,52,1,0,1795-07-28,1795-07-28,Virrey Marqués de Branciforte (México),Gob. of California,2,,n1,https://archive.org/details/bancarchca_81_14/page/n1,orders formation of circumstantial reports on the state of the missions (per the printed 1792 model + R.O. every 2 yrs); forwards a copy of the essential part of his predecessor's 30 Dec 1793 report (= Doc 2); 'p. 280'
162,52,16,0,,s.f.,"Antonio Romero (Alcalde, San José)",Gov. Fages,56,,n55,https://archive.org/details/bancarchca_81_14/page/n55,license to reassign flood-ruined *suertes* of Manuel González & Tiburcio Vásquez to better land; 'p.p. 373–4'
163,52,6,0,1794-11-03,1794-11-03,[Sánchez] (Monterey),Arrillaga,36,,n35,https://archive.org/details/bancarchca_81_14/page/n35,"hemp-seed (cáñamo) distribution to named San José farmers (Martínez, Vásquez, Pacheco, Macario de Castro, Higuera, Amézquita) + missions SLO/Sta Inés/La Purísima/San José; 'p.p. 334–5'"
164,53,65,1,1834-06-12,1834-06-12,(Monterey),Comandante General,131–132 (pp. 318–19),131–132,n130–131,https://archive.org/details/bancarchca_81_15/page/n130,"on the undefined jurisdiction of San Francisco — no old document fixes the límites; describes the military jurisdiction (missions S. José, Sta Clara, Sta Cruz + those by the Puerto) and the civil/political jurisdiction (Pueblo of San José from the Laguna to Sta Clara, the ranchos to the estrecho de "
165,53,80,0,1834-04-17,1834-04-17,Herrera (México),Comandante gral de la Alta California,262 (Sav. p. 364),174,n172,https://archive.org/details/bancarchca_81_15/page/n172,"Juan Bandini, 2º teniente honorario, petitions for the Monterey port-captaincy; the President asks the Secretaría for a return of the ships arriving at that port with their origin, tonnage & flag"
166,53,99,0,1835-01-12,1835-01-12,José Joaquín Estudillo (S. Fernando),Figueroa,294 (Sav. p. 448),206,n204,https://archive.org/details/bancarchca_81_15/page/n204,the comisionado acknowledges receiving the model form for drawing up the inventory of the missions' property (secularization administration)
167,54,1007,0,,"1796, Dec 31","José Pérez Fernández, Habilitado",,35–36,13–14,n12–n13,https://archive.org/details/bancarchca_81_16/page/n12,"muster, Monterey presidial company."
168,54,1077,0,,"1795, México","Manuel Larcaba[?], Habilitado General",,579–93,115,n114,https://archive.org/details/bancarchca_81_16/page/n114,*memorias* account for Monterey.
169,54,4041,0,,1798 + 1799,,,16–17,406,n405,https://archive.org/details/bancarchca_81_16/page/n405,habilitado fiscal + Vallejo on hemp labor.
170,55,272,0,1793-07-21,1793-07-21,Hermenegildo Sal (San Francisco),Gob. Arrillaga,viii.40,233,n232,https://archive.org/details/bancarchca_81_17/page/n232,On an extraordinary *correo*
171,55,305,0,1805-06-15,1805-06-15,Arrillaga (Loreto),,viii.176–177,250–251,n249–n250,https://archive.org/details/bancarchca_81_17/page/n249,Proposes cadet Fernando de la Toba as alférez
172,55,76,0,1821-07-28,1821-07-28,Solá,Gervasio Argüello,i.141–142,43,n42,https://archive.org/details/bancarchca_81_17/page/n42,"On the $10,000 *libranza* for his back pay"
173,55,93,2,1822-07-06,1822-07-06,Solá,Comisionado Luis Peralta,i.160–161,50,n49,https://archive.org/details/bancarchca_81_17/page/n49,"The Hartnell–McCulloch tallow contract: the *vecinos* beg to defer this year's *unto* tax (failed harvests); he grants one year only, calling them vice-ridden; reports 'los comerciantes ingleses Arnell y Macala' (Hartnell & McCulloch) contracted with the Prefecto de Misiones to take tallow (*sebo*) "
174,56,109,0,1823-07-31,1823-07-31,Ignacio Martínez,,629,102,n101,https://archive.org/details/bancarchca_81_18/page/n101,acknowledges the printed matter made known to the troop
175,56,456,0,1834-10-11,1834-10-11,Pedro Navarro (San Blas),Comandante Gral de Californias,XIX·21,396,n395,https://archive.org/details/bancarchca_81_18/page/n395,"per Suprema orden of 17 Jul, Lt of the National Navy José Santos Iglesias takes charge of the Comandancia de Marina [San Blas]"
176,56,50,0,1831-01-28,1831-01-28,José María Padrés (Monterey),Comisario Gral,390–393,27,n26,https://archive.org/details/bancarchca_81_18/page/n26,needs documents (from C. Amézquita) to compile the inspection accounts
177,57,63,2,1830-03-09,1830-03-09,Facio,Echeandía,153,42,n41,https://archive.org/details/bancarchca_81_19/page/n41,Comisión del Museo Nacional: que preste auxilios al comisionado del Gobⁿ para conducir al Museo de México las «curiosidades y objetos raros del país» — a scientific/ethnographic collecting commission in CA
178,57,72,0,1831-02-05,1831-02-05,Gobⁿ,Jefe político de A.C.,115–116,51,n50,https://archive.org/details/bancarchca_81_19/page/n50,Que informe sobre los individuos físicamente imposibilitados de obedecer la ley de expulsión (CA-friar exemption strand) *(«Doc. manuscrito»)*
179,57,8,0,,1823,[Gobⁿ Supremo],[A.C.],—,7,n6,https://archive.org/details/bancarchca_81_19/page/n6,"⚠ Vol II ms. abstracts 7–8 of 8 — two further 1823 entries, FAINT/bleed-through at the top of n6 above the Vol III title leaf; transcription DEFERRED (needs a better exposure / scale-4 or contrast pass)"
180,58,16,1,,1828,,,57–~410,,n53–n71,https://archive.org/details/bancarchca_81_20/page/n53,"cabinet appointments (Esteva → Hacienda, Espinosa de los Monteros → Justicia); indultos; a montepío; ⭐ a decree authorizing the govt to mobilize the milicia activa/cívica (1828). ✎ the 1828 Rosario/Riesgo run runs LONGER than the old 'n63' end — verified 1828 datelines continue on n64 (pp. 76–84: ta"
181,58,2,0,1823-07-05,1823-07-05,Lucas Alamán,,4–5,,n1,https://archive.org/details/bancarchca_81_20/page/n1,communicates the Congress decree on elections
182,58,9,0,1824-11-12,1824-11-12,Esteva,,94½–96,,n5,https://archive.org/details/bancarchca_81_20/page/n5,on pay of retirements & pensions of soldiers' parents/widows/children
183,59,21,2,1827-08-09,1827-08-09,Diputación Provincial,,73–79,,n74–n80,https://archive.org/details/bancarchca_82_01/page/n74,the Reglamento de Ganados (cattle/branding law): who may own a *hierro* & brand (only rancho-holders; others use *marca y señal*); no saddling another's horse ($10 fine); mustang (*mesteña*) roundups with all *colindantes*; unclaimed *orejano* cattle to the Territory's *propios y arbitrios* — the ra
184,59,29,2,,1827,Diputación Provincial,,108–125,,n111–n127,https://archive.org/details/bancarchca_82_01/page/n111,"the full Reglamento de Elecciones (cont. of Doc 28): the Juntas primeras/municipales, Juntas 2ª/de Partido, and Junta Electoral del Territorio; ⭐⭐ deputy qualifications (art. 47: age 25 + 2 yrs vecindad or native-born; art. 48: non-natives need 8 yrs vecindad + a property qualification); the day aft"
185,59,9,0,,1824,Diputación Provincial,,33–34,,n34,https://archive.org/details/bancarchca_82_01/page/n34,debate on the aguardiente-from-Spain duty (prohibited by the 8-Jan Plan de Gobierno); a fine mooted; resolve to 'exponerlo todo al soberano Congreso'
186,60,1,2,1834-05-26,1834-05-26,"Diputación (secret session), Monterey",,2–9,,n1–n10,https://archive.org/details/bancarchca_82_02/page/n1,"'Sublevación de la Alta Cal.': the President reports 3 letters warning of a planned 'revolución' by 'enemigos de nuestro sistema'; the 'primeros promovedores de la Conspiración' named as 'los Españoles' — Fr. Narciso Durán, Capt. José de la Guerra y Noriega, sargento José Antonio Pico, Fr. Tomás Est"
187,60,10,2,,1835-09,Diputación Territorial,,221–247,,n220–n245,https://archive.org/details/bancarchca_82_02/page/n220,"the Sept 1835 sessions: jurisdiction petitions (an SF vecino → San José); ⭐ 'Concesión de terrenos' (land grants); the self-government-drives-population-growth argument (Monterey/SB/LA growing under 'gobierno liberal,' San Diego 'sin adelanto' for lack of self-government)"
188,60,3,2,1834-05-01,1834-05-01,"Diputación Provincial (installation), Monterey",,36–51,,n34–n52,https://archive.org/details/bancarchca_82_02/page/n34,"the 1834 Diputación installed under Gov. José Figueroa — vocales Carlos Antonio Carrillo, José Joaquín Ortega, José Antonio Estudillo, José Antonio Carrillo, Francisco de Haro, José Castro (+ Pío Pico); the President's opening address (public security, vagrancy, founding schools, casas consistoriale"
189,61,1,0,1836-05-18,1836-05-18,Gov. Mariano Chico,Monterey ayuntamiento,1–8,,n1,https://archive.org/details/bancarchca_82_03/page/n1,"4 individuals elected to complete the Junta (electors), per the decreto of 11 Jul 1823; this serves as their credential"
190,61,14,2,,1836–39,Junta Departamental,,36–54,,n41–n60,https://archive.org/details/bancarchca_82_03/page/n41,"the commerce/economy argument — cattle/hides/tallow the 'principal exportación de los Californios,' now declining from 'robos por Indios' & the sebo/cuero trade; protectionism for local wine (Sta Bárbara viñas); + the 'educación pública' argument (barely a school per pueblo, no municipal funds). ⚠ *"
191,61,18,2,,1843–45,Asamblea Departamental,,73–75,,n116–n120,https://archive.org/details/bancarchca_82_03/page/n116,"Narciso Botello named Asamblea secretary; ⭐⭐ a corps of 500 milicianos formed 'para la defensa… á causa de las prevalidades de una guerra con los E.U.' — the Asamblea asked to fund it (the Mexican-War defense prelude); + municipal bandos (Sonoma, San Juan Bautista, Monterey)"
192,62,27,1,1792-10-06,1792-10-06,Fr. de Chinilla[?],Comisario de San Blas,7–11,II·1,n47,https://archive.org/details/bancarchca_82_04/page/n47,5 Dominican friars retiring to the province (named); ships via paquebot *El Carlos* the plant/bird specimens left by naturalist José Longinos [Martínez]; + the death of Gov. José Antⁿ Romeu (interim command devolves) (3 docs)
193,62,59,2,,1828 (sin fecha),"[sin firma] (per P. Narciso Durán, min.)",[límites],6–7,79–80,n78–n79,https://archive.org/details/bancarchca_82_04/page/n78,"Límites de Misión San José: confines S w/ Sta Clara + pueblo de San José; NO w/ the rancho of Sgt/Capⁿ Luis Peralta (arroyo divide); rancho El Valle (valle/llano de San José, cañada del Ingenio) = 9,000 reses + 10,000 borregas in summer, wintering at the roblar near Mount Diablo (~14 leguas); arroyo"
194,62,96,0,1834-05-21,1834-05-21,Gob. Figueroa (Sec. Zamorano),concesión,36,109,n108,https://archive.org/details/bancarchca_82_04/page/n108,"Brand/mark grant to the 'Compañía agrícola' at rancho de Rómulo (a) los Alamitos (an agricultural company), directed by Roberto Pardo"
195,63,126,0,,1849-??,Chas. P. Wilkins (Prefect of Dist. of Sonoma) & [Robt.] Ridley,,,48,n48,https://archive.org/details/bancarchca_82_05/page/n48,Want of a civil officer much felt by citizens of town & valley of Napa; in legal cases they have now to go to Sonoma or Benicia — obstructing time & summary
196,63,30,0,1848-02-15,1848-02-15,John Sinclair (Alcalde),,,8,n8,https://archive.org/details/bancarchca_82_05/page/n8,Note of office
197,63,360,0,1841-02-10,1841-02-10,José Castro (Prefecto del 1er Distrito),,,242,n243,https://archive.org/details/bancarchca_82_05/page/n243,Note of office
198,63,400,2,,1848–1849,"Fr. José Mª del Real, Fr. Antº Anzar ↔ Alcalde Antº Mª Pico & Gob. Mason/Riley",,,268,n270–276,https://archive.org/details/bancarchca_82_05/page/n270,"THE STA CLARA/SAN JOSÉ MISSION-SALE CONFLICT DOSSIER (running Spanish correspondence, ~9 docs): Padre Real → Gob. re the mission-property despoliation & his refusal to recognize the sale; Alcalde Antº Mª Pico forwarding the indígenas de Sta Clara's protest against the sale of Mission property (⭐ the"
199,63,483,1,1848-04-30,1848-04-30 → 1848,Alcalde T.M. Leavenworth,H.W. Halleck (Admr of the Estate of Wm. A. Leidesdorff),,349,n351–353,https://archive.org/details/bancarchca_82_05/page/n351,"(Doctº en inglés) THE LEIDESDORFF-ESTATE ADMINISTRATION: requires the exhibition of inventories & appraisement directed by the Governor (per instructions in the Alcalde's office), 'to put the Estate into the hands of competent & safe men who should be required to give bond & good security in at leas"
200,63,512,2,1848-02-09,1848-02-09,José Castro,"Gob. Mason — 'Vindicación de Castro, acusado de revolucionario'",,379,n381–382,https://archive.org/details/bancarchca_82_05/page/n381,THE CASTRO SELF-VINDICATION: supposes that by this date Mason has received his communication dated at San Luis Obispo relative to his arrival at that point; today received Mason's letter of the 7th manifesting the informes given re a revolution in which Castro is said to be implicated; it may well b
